{
  "pixels_per_yaw": 5.714285714285714,
  "pixels_per_pitch": -5.714285714285714,
  "target_yaw": -140.86,
  "target_pitch": 0.0,
  "tp_yaw": -140.86,
  "tp_pitch": -80.0
}